{
	"id": "ce681f1d-773b-4489-bf35-04261d6d3919",
	"name": "JagaFakta API",
	"values": [
		{
			"key": "url",
			"value": "https://main-backend-dot-jagafakta-capstone.et.r.appspot.com",
			"type": "default",
			"enabled": true
		},
		{
			"key": "user-id",
			"value": "1",
			"type": "default",
			"enabled": true
		},
		{
			"key": "predict-id",
			"value": "535b06f3-09c1-4ecb-9e56-3fdc2f9078df",
			"type": "default",
			"enabled": true
		}
	],
	"_postman_variable_scope": "environment",
	"_postman_exported_at": "2024-06-13T17:34:26.824Z",
	"_postman_exported_using": "Postman/10.24.25"
}