{
	"info": {
		"_postman_id": "40c4d224-f7af-414a-aa5b-de9d7e4aa3df",
		"name": "JagaFakta API Collection",
		"schema": "https://schema.getpostman.com/json/collection/v2.1.0/collection.json",
		"_exporter_id": "34531933"
	},
	"item": [
		{
			"name": "Do Predict!",
			"request": {
				"method": "POST",
				"header": [],
				"body": {
					"mode": "urlencoded",
					"urlencoded": [
						{
							"key": "text",
							"value": "Cina menguasai Indonesia melalui IKN",
							"type": "text"
						}
					]
				},
				"url": {
					"raw": "{{url}}/predict/{{user-id}}",
					"host": [
						"{{url}}"
					],
					"path": [
						"predict",
						"{{user-id}}"
					]
				}
			},
			"response": []
		},
		{
			"name": "View Predictions History",
			"request": {
				"method": "GET",
				"header": [],
				"url": {
					"raw": "{{url}}/predict/{{user-id}}",
					"host": [
						"{{url}}"
					],
					"path": [
						"predict",
						"{{user-id}}"
					]
				}
			},
			"response": []
		},
		{
			"name": "Delete prediction history",
			"request": {
				"method": "DELETE",
				"header": [],
				"url": {
					"raw": "{{url}}/predict/{{predict-id}}",
					"host": [
						"{{url}}"
					],
					"path": [
						"predict",
						"{{predict-id}}"
					]
				}
			},
			"response": []
		},
		{
			"name": "Get Stored News",
			"request": {
				"method": "GET",
				"header": [],
				"url": {
					"raw": "{{url}}/news",
					"host": [
						"{{url}}"
					],
					"path": [
						"news"
					]
				}
			},
			"response": []
		},
		{
			"name": "Get/Scrape Latest News (refresh)",
			"request": {
				"method": "GET",
				"header": [],
				"url": {
					"raw": "{{url}}/news?refresh=ok",
					"host": [
						"{{url}}"
					],
					"path": [
						"news"
					],
					"query": [
						{
							"key": "refresh",
							"value": "ok"
						}
					]
				}
			},
			"response": []
		}
	]
}